item Name,Category,Model name,Manufacturer,Model Number,Serial number,Asset Tag,Location,Notes,Purchase Date,Purchase Cost,Company,Status,Warranty,Supplier
eget nunc donec quis,quam,massa id,Linkbridge,6377018600094472,27aa8378-b0f4-4289-84a4-405da95c6147,970882174-8,Daping,"Curabitur in libero ut massa volutpat convallis. Morbi odio odio, elementum eu, interdum eu, tincidunt in, leo. Maecenas pulvinar lobortis est.",2016-04-05,133289.59,Alpha,Undeployable,14,Blogspan
mi in porttitor,justo,congue diam id,Flipstorm,5.02043359569189E+018,4bc7fc90-5a97-412f-8eed-77ecacc643fc,544574073-0,Cirangga Kidul,,2016-03-08,763.46,,Undeployable,12,Oyope
morbi quis tortor id,nunc nisl duis,convallis tortor risus,Lajo,374622546776765,2837ab20-8f0d-4935-8a52-226392f2b1b0,710141467-2,Shekou,In congue. Etiam justo. Etiam pretium iaculis justo.,2015-08-09,233.57,Konklab,Lost,,
amet cursus id turpis,sed,in faucibus orci,Zoomlounge,3549618015236095,18d6e6a4-d362-4de9-beb4-7f62fb93de6f,103538064-1,Leksand,Integer ac leo. Pellentesque ultrices mattis odio. Donec vitae nisi.,2015-10-11,,,Pending Diagnostics,,
ipsum praesent,condimentum curabitur,et ultrices,Kazu,3567082842822626,f9b473c6-c810-42f2-8335-27ce468889a8,118753405-6,Dresi Wetan,,2015-06-16,324.8,,Ready to Deploy,,
dictumst maecenas ut,sem praesent,accumsan felis,Layo,30052522651756,4751495c-cee0-4961-b788-94a545b5643e,998233705-X,Dante Delgado,,2016-04-16,261.79,,Archived,15,Ntag
libero nam,risus,interdum mauris,Twiyo,3585438057660291,17b3cf8d-fead-46f5-a8b0-49906bb90a00,177687256-8,Pingle,"Proin interdum mauris non ligula pellentesque ultrices. Phasellus id sapien in sapien iaculis congue. Vivamus metus arcu, adipiscing molestie, hendrerit at, vulputate vitae, nisl.",2015-05-24,,,Pending Diagnostics,,
mauris morbi non,ante vel,sapien dignissim,Cogibox,3548511052883500,7a6a2fdb-160c-4d91-8e05-a0337a90d9db,129556040-2,Zhuli,Duis aliquam convallis nunc. Proin at turpis a pede posuere nonummy. Integer non velit.,2015-09-15,434.86,,Archived,14,Kwilith
eleifend pede libero,sapien a libero,et ultrices posuere cubilia,Flipbug,6.75911579996746E+017,c1a57909-3b2e-47fe-ab2f-843401b2a7de,117517007-0,Niopanda,"Maecenas tristique, est et tempus semper, est quam pharetra magna, ac consequat metus sapien ut nunc. Vestibulum ante ipsum primis in faucibus orci luctus et ultrices posuere cubilia Curae; Mauris viverra diam vitae quam. Suspendisse potenti.",2016-04-13,89.53,,Archived,15,Linkbridge
convallis nulla neque,eu sapien,duis mattis egestas metus aenean,Centimia,378342677410961,07540238-fb3c-4c8a-8e11-d43883ee4268,007968217-0,Zoumaling,,2015-07-04,,,Lost,,
in felis,leo odio,quam sapien varius,Roombo,201954480670574,527b2445-2c67-4f76-912f-6ec42400a584,441402118-9,Luts’k,Suspendisse potenti. In eleifend quam a odio. In hac habitasse platea dictumst.,2016-05-18,,Bitwolf,Lost,36,Wikizz
vel ipsum praesent,potenti nullam porttitor,augue vestibulum rutrum rutrum neque,Yakijo,3567636803247485,,863829558-8,Pravdinsk,"Aenean fermentum. Donec ut mauris eget massa tempor convallis. Nulla neque libero, convallis eget, eleifend luctus, ultricies eu, nibh.",2015-11-10,,,Lost,14,Linkbridge
odio elementum,posuere cubilia curae,ante vel ipsum praesent blandit,Oyope,3529462300753736,9a863968-180e-451d-a723-dc85e2d5d8ff,742114860-4,Panay,Pellentesque at nulla. Suspendisse potenti. Cras in purus eu magna vulputate luctus.,2016-03-20,881.4,,,30,Tagcat
viverra diam vitae,semper sapien,dapibus dolor vel,Flashset,3559785746335392,e287bb64-ff4f-434c-88ab-210ad433c77b,927820758-6,Achiaman,,2016-03-05,675.3,,Archived,22,Meevee
felis sed interdum venenatis,id lobortis,dui proin,Chatterbridge,4070995882635,90bcab28-ffd4-48c9-ba5d-c2eeb1400698,789757925-5,Oemanu,Phasellus sit amet erat. Nulla tempus. Vivamus in felis eu sapien cursus vestibulum.,2015-07-25,,,Ready to Deploy,30,Shuffledrive
id consequat,justo nec,odio porttitor id consequat in,Skipstorm,36309149183447,08e440f7-bd0b-47a7-a577-4a3ce3c7dfe7,202652281-2,Qiaolin,"Proin interdum mauris non ligula pellentesque ultrices. Phasellus id sapien in sapien iaculis congue. Vivamus metus arcu, adipiscing molestie, hendrerit at, vulputate vitae, nisl.",2015-08-13,446.22,,Lost,,
porta volutpat quam pede,in hac habitasse,donec vitae nisi nam,Devpulse,3543783295297294,5f900903-0ffe-4405-b5ad-aa4aa59d911c,210119288-8,Accha,"Nam ultrices, libero non mattis pulvinar, nulla pede ullamcorper augue, a suscipit nulla elit ac nulla. Sed vel enim sit amet nunc viverra dapibus. Nulla suscipit ligula in lacus.",2015-12-24,923.9,,Lost,20,Quamba
libero nam dui proin,aliquet at feugiat,eget tincidunt eget tempus,Photobug,201967051902986,bde85740-f103-4b49-a691-a60c7f6859a8,022102715-7,Kerkrade,In hac habitasse platea dictumst. Etiam faucibus cursus urna. Ut tellus.,2016-03-29,,,Undeployable,22,Browsedrive
sociis natoque penatibus,vel est,at diam nam,Photofeed,3533016005480310,bf4a2a92-6f29-4d24-be90-8126d4dcbd64,610672722-8,Villa Regina,,2016-05-13,442.51,,Archived,28,Tekfly
sed tristique in,rutrum,luctus et ultrices,Riffpath,4547299861035,9a02817e-de79-4850-a212-84c9ae3dd1a2,898880851-7,Tibro,Integer ac leo. Pellentesque ultrices mattis odio. Donec vitae nisi.,2015-09-10,906.39,,Undeployable,,
dui luctus rutrum,sapien ut nunc,dictumst morbi vestibulum,Aivee,4405382067928809,514aca2a-9080-4c49-8695-7ba4c78edc65,466008300-4,Menglie,Duis consequat dui nec nisi volutpat eleifend. Donec ut dolor. Morbi vel lectus in quam fringilla rhoncus.,2015-12-21,151.27,,,,
ut massa volutpat,sed,quis odio consequat varius integer,Abatz,3537252931689981,b99208e2-b8d8-4f7a-8a06-366a27733b97,313295582-5,Solidaridad,"Cum sociis natoque penatibus et magnis dis parturient montes, nascetur ridiculus mus. Vivamus vestibulum sagittis sapien. Cum sociis natoque penatibus et magnis dis parturient montes, nascetur ridiculus mus.",2016-02-15,211.07,,,,
habitasse platea dictumst,primis in faucibus,quam a odio in,Blogtag,5018304036665243,c8680b36-a13c-427f-a6a1-1b9b351eb129,552327520-4,Sorinomo,In quis justo. Maecenas rhoncus aliquam lacus. Morbi quis tortor id nulla ultrices aliquet.,2015-11-25,112.11,,Ready to Deploy,18,Quatz
leo pellentesque ultrices,vestibulum,in sapien iaculis congue vivamus,Brightdog,30355105682126,6c1e7556-063f-4c71-87ce-e46b06e8c238,446504693-6,Tamel,"Nam ultrices, libero non mattis pulvinar, nulla pede ullamcorper augue, a suscipit nulla elit ac nulla. Sed vel enim sit amet nunc viverra dapibus. Nulla suscipit ligula in lacus.",2015-08-19,221.03,,Undeployable,26,Mydeo
suspendisse potenti nullam,magnis dis parturient,at nibh in hac,Voolia,5.02034519834773E+017,95605fc3-f82e-4472-a2b0-93acd5e255ed,860990227-7,Tučepi,,2015-06-08,443.05,,Archived,35,Aimbu
nam nulla integer,praesent,turpis adipiscing lorem vitae,Divape,5.02036965260033E+016,53d9eef2-e0f8-4c81-9a31-8c12e4f52ab0,536251475-X,Peddie,Phasellus in felis. Donec semper sapien a libero. Nam dui.,2015-06-08,79.2,Zaam-Dox,Ready to Deploy,,
cras mi pede malesuada,odio,aliquam augue quam sollicitudin,Thoughtsphere,5610480952189632,50d3ba91-06d6-4453-84ff-5ed801d3faa5,148599723-2,Betafo,,2016-03-06,321.96,,Archived,,
duis faucibus accumsan,ipsum aliquam,metus vitae ipsum,Jabbertype,4017954952198803,d4f93ed0-5010-4026-9d3f-0e59e0efee15,416706302-6,Margate,"Duis bibendum, felis sed interdum venenatis, turpis enim blandit mi, in porttitor pede justo eu massa. Donec dapibus. Duis at velit eu est congue elementum.",2015-08-06,211.17,,Ready to Deploy,,
non ligula pellentesque ultrices,arcu adipiscing molestie,vestibulum ante ipsum,Shuffletag,3575254429008123,657a313a-361c-4733-b444-ec26dc02fdfe,065976674-4,Igurubi,"Vestibulum ac est lacinia nisi venenatis tristique. Fusce congue, diam id ornare imperdiet, sapien urna pretium nisl, ut volutpat sapien arcu sed augue. Aliquam erat volutpat.",2016-04-15,,,,26,Wikido
duis aliquam convallis,potenti cras in,enim blandit,Twitterlist,604923914546620,98080972-ad72-4581-8aee-ec78a6b3f528,712283421-2,Kuala Lumpur,Phasellus sit amet erat. Nulla tempus. Vivamus in felis eu sapien cursus vestibulum.,2015-09-05,744.98,,Lost,,
massa id nisl,est,sit amet erat nulla,Browsecat,3553184613730081,fb146f1d-b0ed-4ffc-8653-3ad0afe99dd0,666189117-3,Saint-Étienne,,2016-03-14,,,Undeployable,14,Jabbersphere
arcu adipiscing,duis faucibus accumsan,nisi venenatis,Shuffledrive,374622582923529,7820e851-362b-4187-b64a-c1ef8800fbce,323903931-1,Jinxiang,"Mauris enim leo, rhoncus sed, vestibulum sit amet, cursus id, turpis. Integer aliquet, massa id lobortis convallis, tortor risus dapibus augue, vel accumsan tellus nisi eu orci. Mauris lacinia sapien quis libero.",2015-08-05,697.01,,Pending Diagnostics,17,Vipe
eget eros,sapien varius,morbi non quam nec,Eamia,374283210933313,9c67b528-2389-4733-92e7-a09415649c72,172486278-2,Neuzina,"Duis bibendum, felis sed interdum venenatis, turpis enim blandit mi, in porttitor pede justo eu massa. Donec dapibus. Duis at velit eu est congue elementum.",2015-10-07,541.17,,,,
ut suscipit a feugiat,in faucibus,neque vestibulum eget,Quamba,5553781723608266,,620738847-X,Agpangi,"In sagittis dui vel nisl. Duis ac nibh. Fusce lacus purus, aliquet at, feugiat non, pretium quis, lectus.",2015-05-31,199.6,,Pending Diagnostics,,
morbi non quam nec,faucibus,eu orci mauris lacinia,Meevee,374283689607158,1a67f546-8de4-4d2d-b32f-6c1605cac858,786105964-2,Dallas,,2016-04-01,19.94,,Archived,33,Meembee
habitasse platea dictumst etiam,fermentum donec ut,diam vitae quam suspendisse,Jaxspan,372301567804085,71a5bd14-ba88-4cda-860d-9ca62347ba8d,539439867-4,Joševa,Duis bibendum. Morbi non quam nec dui luctus rutrum. Nulla tellus.,2016-04-09,,,Ready to Deploy,22,Zoombeat
sed tristique in tempus,sodales scelerisque mauris,nullam porttitor,Oozz,4508062466823480,2b9c723e-e530-44c5-ab95-72f3ad50a631,526130314-1,Tawau,Sed ante. Vivamus tortor. Duis mattis egestas metus.,2016-03-10,815,Flexidy,Pending Diagnostics,36,Bluejam
proin at,justo in,sed magna at nunc commodo,Nlounge,3567972196880867,f2c0248d-b6f6-42bf-a9a2-49c54372c01c,558108071-2,Valejas,,2015-07-27,,,Lost,35,Quire
in hac habitasse platea,semper porta volutpat,proin eu,Rhyloo,6.30429100938515E+017,6e9c56b8-5266-47f1-86bc-f73a0d42b05e,562820613-X,Bulacnin,,2015-07-05,665.67,,Lost,,
tincidunt nulla,turpis elementum,lobortis convallis tortor,Divavu,5102767739445831,db9913ae-d9ba-4653-aae5-590c2a3b5a69,943970793-3,Mayenne,Maecenas ut massa quis augue luctus tincidunt. Nulla mollis molestie lorem. Quisque ut erat.,2016-01-09,468.49,,Pending Diagnostics,33,Dynava
imperdiet et commodo,vel,quis odio consequat varius,Camido,30453934961421,a6f3372c-73f1-4857-8ae6-432a2bdfd1c2,372636920-1,Shuiying,,2015-08-15,,,Archived,,
nulla suscipit ligula,eros elementum,felis fusce posuere,Zoomcast,3545613507860779,1c0928ec-2ef7-430b-a556-18b33451612b,903861200-1,Kahuripan,Integer tincidunt ante vel ipsum. Praesent blandit lacinia erat. Vestibulum sed magna at nunc commodo placerat.,2016-03-29,721.77,,Pending Diagnostics,,
primis in faucibus orci,porttitor pede justo,lorem quisque ut erat curabitur,Myworks,5127488524926932,3efa8d3c-01b2-408e-b592-f8cf18a510f4,413846137-X,Charneca,,2015-11-09,293.99,Trippledex,Pending Diagnostics,29,Devify
aliquet pulvinar,tincidunt,rutrum at lorem,Meembee,5428127866845021,ef71ff15-fae8-4f6b-a19c-9277d5a29df9,762391548-7,Szydłowo,Pellentesque at nulla. Suspendisse potenti. Cras in purus eu magna vulputate luctus.,2015-12-23,15,,,,
pede venenatis,magna,id pretium,Shuffledrive,201495288158933,eab62ffe-2e0b-4c77-8aa2-133d27bb90ab,309187247-5,Jinglongqiao,,2015-08-12,572.92,,Undeployable,21,Twimbo
nibh ligula,nibh in,lobortis vel dapibus,Brightbean,3567448770139061,42ec7b7d-5a37-4587-a3a7-e038ed650e94,741760231-2,Waenenda,Cras non velit nec nisi vulputate nonummy. Maecenas tincidunt lacus at velit. Vivamus vel nulla eget eros elementum pellentesque.,2015-11-01,,,Pending Diagnostics,,
metus vitae ipsum aliquam,in felis,sapien non mi,Jabbertype,3578620483518354,70e99274-5df6-4f1f-b2cc-3f9cffd3a828,387700497-0,Siedlce,,2015-06-07,983.85,,Ready to Deploy,,
semper est,primis in faucibus,justo in hac habitasse platea,Dabvine,4.93639139113611E+018,e8aa6b0f-8f69-45cd-972c-b2b1e0415061,286742654-5,Minggang,"Cum sociis natoque penatibus et magnis dis parturient montes, nascetur ridiculus mus. Vivamus vestibulum sagittis sapien. Cum sociis natoque penatibus et magnis dis parturient montes, nascetur ridiculus mus.",2015-08-10,,,,,
non ligula,fusce posuere,ac enim in tempor,Youtags,5610029611282179,,226358965-1,Santa Gertrudes,Aliquam quis turpis eget elit sodales scelerisque. Mauris sit amet eros. Suspendisse accumsan tortor quis turpis.,2016-03-05,387.62,,Lost,29,Zava
nisl venenatis,sodales,varius nulla facilisi cras non,Realbuzz,201496591284085,2952e308-122a-45ea-ac49-a836ca71a597,403999355-1,Huanxi,"Nam ultrices, libero non mattis pulvinar, nulla pede ullamcorper augue, a suscipit nulla elit ac nulla. Sed vel enim sit amet nunc viverra dapibus. Nulla suscipit ligula in lacus.",2016-04-10,925.87,,,,
sapien ut nunc,ultrices posuere cubilia,rhoncus mauris enim,Skibox,6.7712495618249E+018,3c1b4617-2219-419e-87fb-d654a0dab45e,756532468-X,Vyshniy Volochëk,In congue. Etiam justo. Etiam pretium iaculis justo.,2015-09-21,271.56,,Pending Diagnostics,,
congue etiam justo,potenti nullam,congue risus semper porta,Oba,3571347945178711,9637ee81-b7ae-4465-8d19-61eec98ddf7f,577368722-4,Mostovskoy,"Maecenas tristique, est et tempus semper, est quam pharetra magna, ac consequat metus sapien ut nunc. Vestibulum ante ipsum primis in faucibus orci luctus et ultrices posuere cubilia Curae; Mauris viverra diam vitae quam. Suspendisse potenti.",2015-07-27,,,,24,Edgeblab
cursus vestibulum proin,ut volutpat,vel est donec odio justo,Skinte,6.33486824760947E+017,0bd330d0-3bde-4c47-a156-06a34435d8b4,058534741-7,Santa Rosa del Sara,"Aenean fermentum. Donec ut mauris eget massa tempor convallis. Nulla neque libero, convallis eget, eleifend luctus, ultricies eu, nibh.",2016-04-26,,,Archived,36,Wikizz
sapien urna,habitasse,eget semper rutrum nulla nunc,Browsecat,5010125018500456,bf03e70c-fb5d-4164-ab40-9b96d5465e6c,629074247-7,Bonneuil-sur-Marne,Phasellus in felis. Donec semper sapien a libero. Nam dui.,2016-03-21,810.91,,,12,Brainlounge
eros vestibulum ac,nulla justo,natoque penatibus et magnis dis,Feedmix,3588017259302337,f0d7f3c9-dfea-4bb6-a401-571fffbf3090,984987793-6,Palue,,2015-10-02,718.94,,Ready to Deploy,34,Midel
erat vestibulum sed magna,ipsum,eget eleifend luctus ultricies,Skipfire,3531685576372114,343daa1a-d1f8-4ffb-8368-a26670381a40,604121509-0,Medicine Hat,"Praesent blandit. Nam nulla. Integer pede justo, lacinia eget, tincidunt eget, tempus vel, pede.",2016-01-04,,,,,
eros viverra,velit nec,mauris laoreet ut rhoncus aliquet,Jaxnation,5002354307429629,f66bce43-fccf-49d9-94d1-cb0b8fe56472,546719356-2,Qigzhi,,2015-11-21,585.87,,Pending Diagnostics,,
non velit nec nisi,orci luctus et,sed vestibulum,Katz,30501008655301,e3d0a6ac-024b-4c21-ac30-536e6c3d5959,404764262-2,Mojokerto,"Mauris enim leo, rhoncus sed, vestibulum sit amet, cursus id, turpis. Integer aliquet, massa id lobortis convallis, tortor risus dapibus augue, vel accumsan tellus nisi eu orci. Mauris lacinia sapien quis libero.",2016-02-03,605.49,,,32,Shufflester
massa id lobortis,mattis pulvinar nulla,suscipit a feugiat et,Ainyx,3535277053604122,3c11f36f-e17b-4392-890b-35e5bc0bdffa,552778185-6,Chongqing,"Maecenas leo odio, condimentum id, luctus nec, molestie sed, justo. Pellentesque viverra pede ac diam. Cras pellentesque volutpat dui.",2015-07-22,115.77,,Lost,34,Vinte
magnis dis,neque aenean auctor,primis in faucibus orci luctus,Vipe,5048372964899039,bc134863-84be-4421-9938-d8ce0525ef1e,360343994-5,Xinbao,Duis aliquam convallis nunc. Proin at turpis a pede posuere nonummy. Integer non velit.,2015-11-18,,,Pending Diagnostics,33,Flashdog
justo sollicitudin,vestibulum velit id,tellus semper,Fivechat,3535789227456528,996499bc-968c-4ecc-a7d6-07e9348d552b,077200127-8,Nancheng,"Proin leo odio, porttitor id, consequat in, consequat ut, nulla. Sed accumsan felis. Ut at dolor quis odio consequat varius.",2015-08-01,166.87,,Ready to Deploy,35,Trudeo
quam pharetra,imperdiet,ut massa,Oyondu,4.90575358966523E+018,a7db733b-732c-4b54-901e-1ad28e145cb0,177033838-1,Wuhu,"Fusce posuere felis sed lacus. Morbi sem mauris, laoreet ut, rhoncus aliquet, pulvinar sed, nisl. Nunc rhoncus dui vel sem.",2015-12-04,406.96,,Lost,14,Devpoint
sapien placerat,nulla elit ac,tincidunt eu felis,Aimbo,5610815292062918,fed4c9f9-8b0d-4d6a-ac43-c7929a31bb72,952276162-1,Arnhem,"Morbi non lectus. Aliquam sit amet diam in magna bibendum imperdiet. Nullam orci pede, venenatis non, sodales sed, tincidunt eu, felis.",2016-01-24,,,Pending Diagnostics,17,Kayveo
etiam faucibus cursus,cubilia curae mauris,massa id nisl venenatis,Skajo,3550363534806781,e7c5e464-9bbd-4d86-b549-3d3883b3139e,224555307-1,Dachang,Aliquam quis turpis eget elit sodales scelerisque. Mauris sit amet eros. Suspendisse accumsan tortor quis turpis.,2016-02-13,,,Lost,27,Skidoo
diam id,dolor sit,ligula vehicula consequat,Gabtune,3566562640943303,efdf785c-a484-4454-8be0-d3b598c77a8d,269508722-5,Voi,"Morbi non lectus. Aliquam sit amet diam in magna bibendum imperdiet. Nullam orci pede, venenatis non, sodales sed, tincidunt eu, felis.",2016-05-23,312.07,,Archived,,
vivamus vestibulum,quisque,id mauris vulputate elementum nullam,Yabox,6709339676453700,1a4d5946-1539-4ff1-921b-c442eef8c28b,596138325-3,Campamento,,2016-04-03,221.14,,Archived,,
nisl aenean lectus pellentesque,fermentum,nisl ut,Skimia,3575845905358914,70d0b5d4-8569-421c-912c-9ee11c565b62,769779519-1,Plei Kần,"In hac habitasse platea dictumst. Morbi vestibulum, velit id pretium iaculis, diam erat fermentum justo, nec condimentum neque sapien placerat ante. Nulla justo.",2016-03-22,,Konklab,Ready to Deploy,13,Wordify
ac neque duis bibendum,duis consequat,rhoncus aliquam lacus morbi,Centizu,3576056156747438,,709282846-5,Donghui,,2015-06-23,29.7,,Pending Diagnostics,,
elementum eu interdum,arcu libero rutrum,viverra pede,Muxo,5.6022311196475E+016,29de084a-9376-48dc-a310-cd01b1baf715,603152718-9,Camp Diable,,2016-02-09,,,Ready to Deploy,,
mauris morbi non,tristique in tempus,ipsum aliquam non,Devpoint,6.30484505318487E+018,d8a596a6-f59a-4423-b424-b3d132c06791,297281098-8,Vlachovice,"Proin eu mi. Nulla ac enim. In tempor, turpis nec euismod scelerisque, quam turpis adipiscing lorem, vitae mattis nibh ligula nec sem.",2016-02-10,553.28,,Archived,,
nonummy maecenas,nec euismod scelerisque,a suscipit nulla elit,Katz,3588657497186032,e95115b8-b45e-4a89-b271-c46732934394,740776342-9,Babica,"Cras mi pede, malesuada in, imperdiet et, commodo vulputate, justo. In blandit ultrices enim. Lorem ipsum dolor sit amet, consectetuer adipiscing elit.",2016-03-18,552.55,,Lost,,
sodales scelerisque mauris sit,ut erat,sem fusce consequat nulla,Linklinks,374283823495957,9a108aa1-568c-4141-a8d8-92a451f68e22,915137664-4,Reshetikha,Nullam porttitor lacus at turpis. Donec posuere metus vitae ipsum. Aliquam non mauris.,2015-08-26,,,Archived,16,Kanoodle
vestibulum ante,quam sapien varius,morbi odio odio,Edgeclub,5.60224885282861E+018,319bf374-753a-49ef-885a-03a27dca4275,225439463-0,Lere,"Fusce posuere felis sed lacus. Morbi sem mauris, laoreet ut, rhoncus aliquet, pulvinar sed, nisl. Nunc rhoncus dui vel sem.",2015-07-25,,,Ready to Deploy,34,Kwilith
phasellus in,est congue,tortor eu,Ozu,5602228882463423,a8be5948-b765-4f5d-9f1f-0f26952842d0,001757218-5,Tanabi,Pellentesque at nulla. Suspendisse potenti. Cras in purus eu magna vulputate luctus.,2016-03-11,81.15,,Lost,20,Skynoodle
amet sapien dignissim,luctus nec molestie,mauris non ligula pellentesque,Mudo,3578002049296413,b8098077-560e-4a12-8bc1-220d83291032,815922090-1,Aegela,In quis justo. Maecenas rhoncus aliquam lacus. Morbi quis tortor id nulla ultrices aliquet.,2015-11-21,664.35,,Lost,28,Edgeblab
mollis molestie lorem quisque,ut,donec semper sapien a libero,Zoombeat,5048376726433136,cb7572bc-d7ca-4b5b-903e-fc567c337e32,057863524-0,Empangeni,"Proin leo odio, porttitor id, consequat in, consequat ut, nulla. Sed accumsan felis. Ut at dolor quis odio consequat varius.",2016-04-06,711.1,Transcof,Ready to Deploy,,
eros suspendisse,arcu,justo eu massa donec dapibus,Skipfire,5.60225202235212E+017,,155395513-7,Half Way Tree,In congue. Etiam justo. Etiam pretium iaculis justo.,2015-05-25,538.84,,Pending Diagnostics,,
justo maecenas rhoncus,sed,in consequat ut nulla,Jetwire,3558754018062473,,296612694-9,Xinjian,Nullam sit amet turpis elementum ligula vehicula consequat. Morbi a ipsum. Integer a nibh.,2015-11-01,,,Undeployable,19,Minyx
pharetra magna,et ultrices posuere,habitasse platea dictumst morbi,Bubbletube,3581295525802838,271065e6-f1fe-4d2b-aa47-76234656e29b,515439385-6,Santiago del Estero,,2016-05-12,948.04,,Lost,,
justo morbi ut odio,sagittis,auctor gravida sem praesent id,Mynte,6.7633339031557E+018,30f840cb-acfd-4797-82ad-14c6ccad4d03,790003898-1,Ban Phan Don,,2016-01-19,89.14,,Archived,,
justo maecenas,nulla tellus in,ligula in lacus,Izio,4.93637704926415E+018,b695a1c5-c4af-493e-8851-63aa41032c01,524481245-9,Munggang,,2015-11-21,895.08,,Undeployable,29,Feednation
nulla pede ullamcorper augue,rutrum rutrum neque,enim in tempor turpis,Jabberbean,3566203942437351,,743088297-8,Bromma,"In hac habitasse platea dictumst. Morbi vestibulum, velit id pretium iaculis, diam erat fermentum justo, nec condimentum neque sapien placerat ante. Nulla justo.",2016-02-29,833.54,,Archived,,
amet sem fusce,id,hendrerit at vulputate vitae,Gabtype,5407504596351030,c6144e5d-0b64-44d1-bba5-0a7b0e3e78dc,998959453-8,Tawau,"Curabitur in libero ut massa volutpat convallis. Morbi odio odio, elementum eu, interdum eu, tincidunt in, leo. Maecenas pulvinar lobortis est.",2015-08-25,,,Lost,,
orci vehicula,odio,eleifend luctus ultricies eu,Dazzlesphere,3544932891060288,9e1a7fdc-e410-4369-8203-f170e5e749b0,118824344-6,North Vancouver,Pellentesque at nulla. Suspendisse potenti. Cras in purus eu magna vulputate luctus.,2016-02-29,663.19,,Undeployable,30,Twiyo
eu mi nulla ac,bibendum,ridiculus mus vivamus vestibulum,Skiptube,5602256523069580,659b0fc6-7107-4be4-8478-836366c4e23c,867984064-5,Hekou,Duis aliquam convallis nunc. Proin at turpis a pede posuere nonummy. Integer non velit.,2016-05-06,,,,16,Ntags
a nibh,amet cursus id,curabitur in,Ooba,3536282915752555,f2cfaa82-b40f-4119-81c0-f5a8eeb06a38,222270511-8,Angeghakot’,"Donec diam neque, vestibulum eget, vulputate ut, ultrices vel, augue. Vestibulum ante ipsum primis in faucibus orci luctus et ultrices posuere cubilia Curae; Donec pharetra, magna vestibulum aliquet ultrices, erat tortor sollicitudin mi, sit amet lobortis sapien sapien non mi. Integer ac neque.",2015-06-08,651.3,,Pending Diagnostics,,
nisi eu orci mauris,hendrerit at vulputate,tortor duis mattis egestas metus,Jazzy,374622354851106,638497c0-4690-4872-b241-c15545806c8a,255225792-5,Duraykīsh,"Maecenas tristique, est et tempus semper, est quam pharetra magna, ac consequat metus sapien ut nunc. Vestibulum ante ipsum primis in faucibus orci luctus et ultrices posuere cubilia Curae; Mauris viverra diam vitae quam. Suspendisse potenti.",2015-10-08,141.33,,Ready to Deploy,,
posuere cubilia curae mauris,quis turpis,in magna bibendum imperdiet nullam,Demizz,6.75938318513741E+018,b3c36765-d42a-4c83-bc62-300bb07fde98,361952926-4,Opatov,,2015-07-08,599.89,,Ready to Deploy,,
ut at,dapibus,ultrices aliquet,Wikibox,3547109377511525,,100773046-3,Atbasar,"Praesent blandit. Nam nulla. Integer pede justo, lacinia eget, tincidunt eget, tempus vel, pede.",2016-01-31,16.78,,Pending Diagnostics,20,Gigazoom
sed sagittis nam,lacinia eget tincidunt,porta volutpat erat,Wikibox,36953984058725,,703472241-2,Oslo,Duis aliquam convallis nunc. Proin at turpis a pede posuere nonummy. Integer non velit.,2015-06-28,573.06,Solarbreeze,Ready to Deploy,31,Buzzshare
tristique est et tempus,sociis natoque penatibus,auctor sed,Dynazzy,6389179112138656,54316132-26aa-4bf0-9e1b-6dcd2afda6ce,715414385-1,Saidpur,"Curabitur in libero ut massa volutpat convallis. Morbi odio odio, elementum eu, interdum eu, tincidunt in, leo. Maecenas pulvinar lobortis est.",2015-09-15,,,Lost,,
enim leo rhoncus,eros,dolor sit,Blogpad,3550068835419040,7d1c8d21-7a56-4c23-8649-061ddd708893,764086552-2,Momanalu,"Morbi porttitor lorem id ligula. Suspendisse ornare consequat lectus. In est risus, auctor sed, tristique in, tempus sit amet, sem.",2015-08-29,,,Pending Diagnostics,,
in faucibus,vitae ipsum aliquam,quam sollicitudin vitae consectetuer eget,Yakitri,5602225854973231,7bd1251a-ea8c-46dc-93d2-93f62d90a969,509026038-9,Rennes,In hac habitasse platea dictumst. Etiam faucibus cursus urna. Ut tellus.,2016-04-18,551.23,,Pending Diagnostics,,
morbi odio odio,sociis natoque,in sapien,Jatri,6706279710914494,ea523cc9-6428-4a4b-aed9-c470703891f1,900328219-6,Quevedo,"Aenean fermentum. Donec ut mauris eget massa tempor convallis. Nulla neque libero, convallis eget, eleifend luctus, ultricies eu, nibh.",2015-09-07,291.69,Otcom,Undeployable,25,Jazzy
donec posuere metus,ut,tellus nisi,Kazio,3545354504978666,3772945a-1148-4051-8443-0ee8a92c5b17,328780394-8,Grujugan,,2015-09-19,488.83,,Pending Diagnostics,,
amet erat nulla tempus,sit amet,aenean auctor,Shufflebeat,3533111501358076,db9552e3-13f9-40c4-9c2c-8bff3c4c0a89,611870818-5,Oepula,,2015-06-13,,Vagram,Ready to Deploy,,
odio consequat varius,pede justo lacinia,posuere cubilia curae nulla,Rhybox,3567546926048357,d6289b7b-4ed2-4ec8-a486-4cdd3591da21,277787832-3,Kotabaru,Etiam vel augue. Vestibulum rutrum rutrum neque. Aenean auctor gravida sem.,2015-07-03,157.31,,Undeployable,25,Bluejam
adipiscing elit proin,lobortis sapien sapien,blandit non,Jetpulse,6771123616739565,79bfd454-34f7-4eb5-8873-aaf43cc63856,982547121-2,Efeng,,2015-06-27,287.02,,Ready to Deploy,21,Babbleset
pede posuere nonummy,at nulla suspendisse,interdum in ante vestibulum,Demimbu,3570349766502210,11515f0c-7d36-4938-9656-ae35be5aad59,847767021-8,‘Ayn al Bayḑā,"Curabitur at ipsum ac tellus semper interdum. Mauris ullamcorper purus sit amet nulla. Quisque arcu libero, rutrum ac, lobortis vel, dapibus at, diam.",2016-03-15,,,Ready to Deploy,20,Devcast
cras in purus,sed tristique in,consequat varius integer ac,Feedfire,6334048542335537,354f339d-547d-4b10-8753-a8e5cb18e1d9,408291765-9,Lakatnik,Suspendisse potenti. In eleifend quam a odio. In hac habitasse platea dictumst.,2016-01-01,,,Lost,25,Edgewire
duis faucibus,mauris ullamcorper,orci luctus,Wikizz,6.30498754987502E+018,edb67bfb-ef81-44e7-a9fe-ee496816f7bc,134054338-9,Longsha,Praesent id massa id nisl venenatis lacinia. Aenean sit amet justo. Morbi ut odio.,2015-07-06,,,Archived,,
morbi porttitor lorem id,leo,sem duis aliquam convallis,Janyx,6304963499994647,30a3b488-c5db-4569-ac68-46cb86424ff1,145564427-7,Arlington,"Curabitur at ipsum ac tellus semper interdum. Mauris ullamcorper purus sit amet nulla. Quisque arcu libero, rutrum ac, lobortis vel, dapibus at, diam.",2015-07-17,,,Archived,28,Trunyx
nulla tempus vivamus,eu felis fusce,cubilia curae nulla dapibus,Yata,3578865180776215,f285b067-6992-4a07-b34d-ed174dc73611,761164290-1,Gamut,Sed ante. Vivamus tortor. Duis mattis egestas metus.,2016-01-11,27.46,,Ready to Deploy,,
erat nulla,morbi non,varius ut,Avamba,6759641695421678,d1f90868-5e42-46c3-aba7-7de3e3d74091,415061883-6,Ondoy,Duis bibendum. Morbi non quam nec dui luctus rutrum. Nulla tellus.,2015-07-07,,,Archived,,
praesent blandit lacinia,eu sapien cursus,lacinia sapien quis libero,Camimbo,30077414766248,cb932a82-1853-40cc-b6c0-28bf3b4ea677,194809534-3,Foundiougne,In hac habitasse platea dictumst. Etiam faucibus cursus urna. Ut tellus.,2015-12-03,,,Lost,29,Edgeblab
nisi vulputate nonummy,justo in,ornare consequat,Twinder,374622966591991,,875593621-0,Pruchnik,,2015-06-19,,,Lost,,
fermentum donec ut mauris,augue luctus,suspendisse ornare consequat lectus,Realcube,3528634905061019,88a71d08-c42b-43c7-bdb8-973a2e0efe47,112308770-9,Cabugao,"Vestibulum ac est lacinia nisi venenatis tristique. Fusce congue, diam id ornare imperdiet, sapien urna pretium nisl, ut volutpat sapien arcu sed augue. Aliquam erat volutpat.",2016-03-05,787.63,,Undeployable,15,Tagpad
vel augue,ipsum dolor sit,ante ipsum primis in faucibus,Tazz,5.01866181155617E+016,84198bfa-740b-4ff9-907e-05a9ef1bece4,160413103-9,Gwanda,In hac habitasse platea dictumst. Etiam faucibus cursus urna. Ut tellus.,2015-11-13,899.41,,Lost,18,Photobug
lobortis convallis,maecenas tincidunt,morbi non,Meevee,3570956119504428,5e030a75-f9b4-42fc-9958-f3dba0b7fc0a,171773317-4,Sokodé,Maecenas ut massa quis augue luctus tincidunt. Nulla mollis molestie lorem. Quisque ut erat.,2015-05-25,243.93,,Undeployable,,
dui vel sem,iaculis,justo maecenas rhoncus aliquam,Topicstorm,4041595978958,60e9678e-026b-47c7-b7cb-dc00677aaed7,501758906-6,Goz Béïda,,2015-07-18,706.29,,Ready to Deploy,29,Jaxspan
lacinia sapien quis libero,ante vestibulum,at feugiat non pretium quis,Dabtype,3560250144664841,147b19d6-1712-4435-aa35-07de51b13306,647505330-9,Ishurdi,"Morbi non lectus. Aliquam sit amet diam in magna bibendum imperdiet. Nullam orci pede, venenatis non, sodales sed, tincidunt eu, felis.",2016-03-06,993.95,,Archived,,
suscipit nulla,aliquet massa,viverra dapibus nulla suscipit ligula,Mudo,30108606484462,aa2e2be0-9f07-4311-a402-a11b2a6ca0d8,650783961-2,Xianxi,Integer tincidunt ante vel ipsum. Praesent blandit lacinia erat. Vestibulum sed magna at nunc commodo placerat.,2016-01-25,669.89,,Undeployable,20,Yabox
ultrices enim lorem,leo rhoncus sed,cras non velit,Npath,5048375808154248,7fa57f76-d4fe-4871-8296-20ecd1627acb,192573987-2,Zhongzhai,Duis bibendum. Morbi non quam nec dui luctus rutrum. Nulla tellus.,2015-11-09,352.64,,,,
pede lobortis,suspendisse accumsan tortor,lacus curabitur at,Dynabox,201897802174892,7ae2a979-52f8-4ce4-ab76-3c0f336589ae,613690706-2,Mangunjaya,Maecenas ut massa quis augue luctus tincidunt. Nulla mollis molestie lorem. Quisque ut erat.,2015-09-24,,Alphazap,Archived,35,Tekfly
ut erat id,sapien,etiam pretium,Zoombox,4.91136995824574E+018,80744318-59a6-4be4-8876-428bb2eb6182,122507763-X,Lieqiao,"In hac habitasse platea dictumst. Morbi vestibulum, velit id pretium iaculis, diam erat fermentum justo, nec condimentum neque sapien placerat ante. Nulla justo.",2016-01-03,91.35,,Pending Diagnostics,,
cubilia curae donec pharetra,non,pede libero quis,Oyondu,3564650478504040,51df7750-55b9-43ee-ba42-4baf70209c96,113885169-8,El Crucero,"Proin interdum mauris non ligula pellentesque ultrices. Phasellus id sapien in sapien iaculis congue. Vivamus metus arcu, adipiscing molestie, hendrerit at, vulputate vitae, nisl.",2016-01-04,475.07,,Lost,,
tincidunt nulla mollis,vulputate ut,nibh in quis,Zooveo,6387186677750447,,244101401-3,Cuijiamatou,"Fusce posuere felis sed lacus. Morbi sem mauris, laoreet ut, rhoncus aliquet, pulvinar sed, nisl. Nunc rhoncus dui vel sem.",2015-07-25,900.01,,Archived,12,Npath
pede venenatis non,pellentesque quisque porta,cursus id turpis integer,Buzzshare,3573360216468750,c8de4be3-fdc8-4d57-b1d8-26414ad341bf,691575472-5,Berdyans’k,,2015-10-09,708.94,,Undeployable,14,Topiclounge
in hac habitasse platea,nulla,odio odio,Bubbletube,30327857110960,6388f77f-cc36-41ca-8482-2cfc5c0e6bdf,007983155-9,Cibeusi,"Curabitur at ipsum ac tellus semper interdum. Mauris ullamcorper purus sit amet nulla. Quisque arcu libero, rutrum ac, lobortis vel, dapibus at, diam.",2015-06-25,532.83,,Pending Diagnostics,16,Shuffletag
ut rhoncus,quam fringilla rhoncus,neque libero convallis,Jamia,6.75935914853866E+018,b8186328-c3b6-479b-bec9-3613ce9698d1,977093557-3,Ramada,,2015-12-07,,,Pending Diagnostics,,
nulla ultrices,ac est lacinia,est quam pharetra magna ac,Flashpoint,5100135124378581,02bead54-767b-4f61-a085-5439aeaf1712,349567419-5,Chonghe,,2015-09-08,,,Pending Diagnostics,,
tortor duis,dictumst morbi,quam a odio in,Avavee,5518385515115466,2fb047a6-ff89-4d9d-bfe6-304acad6ef17,145992551-3,Strelitsa,Praesent id massa id nisl venenatis lacinia. Aenean sit amet justo. Morbi ut odio.,2015-12-22,741.63,,,,
venenatis non,et,vehicula condimentum,Tagcat,6.33110952678068E+017,8bbd2e80-6a66-4210-926d-6f45c896143a,957728455-8,Rāwandūz,Aliquam quis turpis eget elit sodales scelerisque. Mauris sit amet eros. Suspendisse accumsan tortor quis turpis.,2015-07-17,205.46,,Pending Diagnostics,26,Youtags
dolor quis odio,imperdiet,viverra diam vitae quam,Plambee,3558900459434834,,871649171-8,Klukeng,Sed ante. Vivamus tortor. Duis mattis egestas metus.,2016-05-09,413.07,,Archived,22,Izio
adipiscing elit,fusce,suspendisse ornare consequat,Kamba,201484896304931,4571c470-5dce-40b5-8b2f-1262071ec940,747966524-5,Mollās̄ānī,,2016-03-08,,,Pending Diagnostics,26,Wikibox
ac enim in tempor,in tempor turpis,lacinia erat,Chatterbridge,5100146736106146,9a43a613-f009-4dd8-94ac-8af4a67b4dd0,178043767-6,Đoan Hùng,"Proin interdum mauris non ligula pellentesque ultrices. Phasellus id sapien in sapien iaculis congue. Vivamus metus arcu, adipiscing molestie, hendrerit at, vulputate vitae, nisl.",2016-05-02,181.91,,Archived,18,Voomm
amet diam,consectetuer eget,et magnis dis,Trupe,201622330574532,2947a0fc-1cae-4838-b315-df505ae4a9d6,808569614-2,Mweka,Aliquam quis turpis eget elit sodales scelerisque. Mauris sit amet eros. Suspendisse accumsan tortor quis turpis.,2015-11-09,966.58,,,,
vestibulum eget,ut odio cras,vel nisl,Tanoodle,3532266060924154,fa077cd0-ba8d-4225-8eb4-84033ed235fc,863693363-3,Zbůch,,2015-09-23,,,Archived,31,Blognation
tempus vivamus,cras,nonummy maecenas tincidunt lacus,Zoomzone,3530625218870928,a37407ca-e6af-408c-9b9a-1aa9f90f7681,009595242-X,Sanzhang,Nulla ut erat id mauris vulputate elementum. Nullam varius. Nulla facilisi.,2016-03-27,,,,18,Layo
ultrices aliquet maecenas,pretium iaculis,mus vivamus vestibulum,Bubblemix,3530545021176695,1e99a09a-06ab-4ba2-a98d-785f7c64ebe2,827817985-9,Jalasenga,"Praesent blandit. Nam nulla. Integer pede justo, lacinia eget, tincidunt eget, tempus vel, pede.",2016-03-19,784.52,It,Undeployable,,
dolor morbi vel lectus,cum sociis,fringilla rhoncus mauris enim,Thoughtmix,3582585977910835,4c75547e-5c7a-45be-b532-ec13873b5ddd,179689579-2,Jaboatão,,2015-07-15,638.29,,Archived,24,Meejo
nulla integer,aliquam augue,sem duis aliquam,Trudeo,3584687842880959,,059264762-5,Suwa,"Vestibulum ac est lacinia nisi venenatis tristique. Fusce congue, diam id ornare imperdiet, sapien urna pretium nisl, ut volutpat sapien arcu sed augue. Aliquam erat volutpat.",2016-02-14,,,Ready to Deploy,34,Zoonder
leo odio,pretium quis,varius nulla facilisi,Babbleblab,337941672639555,ccf578a6-e39c-45cf-a656-3a948922aee1,133207649-1,Krajan Puru,"Duis bibendum, felis sed interdum venenatis, turpis enim blandit mi, in porttitor pede justo eu massa. Donec dapibus. Duis at velit eu est congue elementum.",2016-04-13,604.35,,Lost,14,Tagfeed
dapibus at diam,morbi,ante ipsum primis in faucibus,Lazz,201999051559391,b15d20dc-eed3-47a4-a83f-67229d154e95,041974769-9,Kengkou,Suspendisse potenti. In eleifend quam a odio. In hac habitasse platea dictumst.,2015-12-29,662.67,,,,
eu interdum eu,eleifend,orci nullam molestie nibh in,Yacero,6.30480625439569E+018,bfdad967-af1e-4bbf-b456-eca3259120de,184953647-3,Tosontsengel,"Sed sagittis. Nam congue, risus semper porta volutpat, quam pede lobortis ligula, sit amet eleifend pede libero quis orci. Nullam molestie nibh in lectus.",2016-04-10,330.47,,Ready to Deploy,18,Trilith
eget congue,congue,purus eu,Realmix,3562617492300509,d3b995cd-cc81-4761-b7bd-5b160bb199b8,795122803-6,Middelburg,"Vestibulum quam sapien, varius ut, blandit non, interdum in, ante. Vestibulum ante ipsum primis in faucibus orci luctus et ultrices posuere cubilia Curae; Duis faucibus accumsan odio. Curabitur convallis.",2015-07-11,925.85,,Archived,15,Mydeo
pede justo eu,pellentesque volutpat dui,consectetuer adipiscing elit proin,Riffpedia,374283107255804,b16407a3-9d08-421e-b386-ab93a838a67d,892497373-8,Zaragoza,Aenean lectus. Pellentesque eget nunc. Donec quis orci eget orci vehicula condimentum.,2016-04-03,187.77,,,,
ut suscipit,sit,tortor id nulla ultrices aliquet,Browseblab,3566901421682690,c698ba68-bc82-4aff-acb3-5884c9f80296,162198086-3,Fuchun,,2015-10-29,718.76,,Pending Diagnostics,21,Edgeblab
velit donec diam neque,augue,non velit,Jabberbean,3577223053605601,89a8527c-f296-4146-b4c0-81bf896f8af6,653699580-5,Crumlin,Aenean lectus. Pellentesque eget nunc. Donec quis orci eget orci vehicula condimentum.,2015-10-18,648.77,,,,
id ornare imperdiet sapien,a ipsum,libero nam dui proin,Rhynoodle,4026264559297795,fb87796a-6f51-4dd8-af0c-c079423a0364,356963504-X,Verkhnyaya Belka,"Fusce posuere felis sed lacus. Morbi sem mauris, laoreet ut, rhoncus aliquet, pulvinar sed, nisl. Nunc rhoncus dui vel sem.",2016-02-23,646.41,,Pending Diagnostics,35,Yambee
montes nascetur ridiculus,ut,sed justo,Jabbersphere,3584134828079298,216ce7c7-3bc1-446a-b240-9ee34dbbf605,333143943-6,Raoshi,,2016-01-05,469.31,,Undeployable,,
volutpat dui maecenas,sed vestibulum sit,eu est congue,Photobean,3531364203546819,1dd924ac-243a-42f7-af03-18e7074d2d8a,657518473-1,Lyon,Fusce consequat. Nulla nisl. Nunc nisl.,2016-03-04,908.76,,Lost,30,Yamia
eget nunc donec,potenti cras in,lorem id ligula,Topicware,6763202349529137,d2170b43-c046-4189-88a0-0f3b3b4ab636,499571423-5,Pengfang,,2015-11-24,562.82,,Pending Diagnostics,15,Camido
nisi vulputate nonummy maecenas,dictumst aliquam augue,duis ac,Blogspan,5048370656048956,1bba6cc4-b7fd-4614-82a1-058a6dcf5cff,340219850-9,Carmen de Viboral,,2015-08-31,764.65,,Undeployable,,
sed lacus morbi,est,nibh fusce lacus purus,Skyba,6.76760499675562E+017,79a0ca4b-0cfc-450b-8b99-91995e017d06,393164024-8,Syamzha,"Cras mi pede, malesuada in, imperdiet et, commodo vulputate, justo. In blandit ultrices enim. Lorem ipsum dolor sit amet, consectetuer adipiscing elit.",2015-09-26,129.34,,Lost,,
rutrum nulla nunc,vulputate,commodo vulputate justo,Skyba,201990757415202,0dcd299f-f6ad-448e-8ee2-9366b2c6fab1,634821306-4,Vyerkhnyadzvinsk,"Curabitur at ipsum ac tellus semper interdum. Mauris ullamcorper purus sit amet nulla. Quisque arcu libero, rutrum ac, lobortis vel, dapibus at, diam.",2015-07-10,970.05,,Undeployable,13,Kare
elementum eu,donec,purus aliquet at feugiat,Ntags,201886666765648,da4f2d20-d589-4d67-99a5-ba1a91f89c67,696680010-4,Kwali,,2016-01-23,592.32,,Lost,,
ut nunc vestibulum ante,nec,maecenas tincidunt lacus at velit,Zoomzone,5.02094884070623E+018,f2721951-674f-42a6-a318-ebc4c2ad01d6,767022282-4,Hukou,Maecenas ut massa quis augue luctus tincidunt. Nulla mollis molestie lorem. Quisque ut erat.,2015-07-25,100.04,,Lost,,
sagittis nam congue,neque vestibulum eget,lorem vitae mattis nibh,Rhynoodle,3536985805530234,fd38d1eb-46bc-438c-a1f1-e3d46c7ab7ff,446825369-X,Pogag,"Proin interdum mauris non ligula pellentesque ultrices. Phasellus id sapien in sapien iaculis congue. Vivamus metus arcu, adipiscing molestie, hendrerit at, vulputate vitae, nisl.",2015-09-14,282.91,,,,
lorem id,quis odio,ullamcorper augue a suscipit nulla,Dynabox,3584918729913617,2b8a3a33-23e4-4f7c-bfa2-cda5a4f161a7,453899036-1,Bulqizë,"In hac habitasse platea dictumst. Morbi vestibulum, velit id pretium iaculis, diam erat fermentum justo, nec condimentum neque sapien placerat ante. Nulla justo.",2016-05-22,937.05,,Undeployable,,
mus etiam,consequat varius,non ligula,Youopia,3579590994419856,8c118547-498c-4c9a-bb7c-38bf34c948f6,059415701-3,Niederanven,,2016-04-10,528.2,,Archived,,
venenatis tristique fusce congue,ultrices aliquet maecenas,quam turpis adipiscing lorem,Tagchat,5402364995491845,,907635086-8,Świętajno,"Curabitur in libero ut massa volutpat convallis. Morbi odio odio, elementum eu, interdum eu, tincidunt in, leo. Maecenas pulvinar lobortis est.",2015-05-28,136.71,,Undeployable,29,Rooxo
lobortis est phasellus sit,at,at velit eu,Ozu,3529024230545655,f6dfecd8-6e31-4f7a-ac69-7d78288b3c50,924210851-0,Las Trojes,,2015-06-10,239.46,,Lost,,
pulvinar nulla pede ullamcorper,vel nulla eget,justo aliquam quis turpis eget,Mycat,3579823933687295,,052859686-1,La Mesa,,2015-11-21,665.35,,Lost,,
tempus semper est,massa volutpat convallis,id ligula suspendisse ornare,Babblestorm,3563899999001645,bad2fb72-05bf-4bd1-928e-4474f41bf61e,937286949-X,San Mariano,,2016-03-08,738.25,,Lost,,
nunc donec,varius,ut dolor morbi vel lectus,Skyble,5100172494380202,d028c3fb-74ea-4e2f-a4ff-86b869f88f7a,523965895-1,Fenghuanglu,"Cras mi pede, malesuada in, imperdiet et, commodo vulputate, justo. In blandit ultrices enim. Lorem ipsum dolor sit amet, consectetuer adipiscing elit.",2015-09-19,433.76,,Pending Diagnostics,,
quam pharetra magna ac,ullamcorper augue a,platea dictumst,Realfire,4.91144176388878E+018,6c1b81d0-0b44-4cfd-9a29-1abb81d6dd8b,624477386-1,Wuyanquan,,2015-12-27,783.9,,Ready to Deploy,,
dolor morbi vel,sit amet cursus,ante ipsum primis in faucibus,Shuffledrive,3563327459528782,6d8835b2-8241-4b4d-afff-95f6aa252ef4,737509813-1,Freiria,"Vestibulum ac est lacinia nisi venenatis tristique. Fusce congue, diam id ornare imperdiet, sapien urna pretium nisl, ut volutpat sapien arcu sed augue. Aliquam erat volutpat.",2016-02-11,139.88,Solarbreeze,Undeployable,16,Chatterpoint
nulla dapibus,orci luctus,felis sed,Vinder,5523504746793551,10ce22fe-38b7-4329-92a7-bd6dd7a35779,140866058-X,Rangah,"In sagittis dui vel nisl. Duis ac nibh. Fusce lacus purus, aliquet at, feugiat non, pretium quis, lectus.",2016-03-21,493.73,,Archived,,
ac nibh,pharetra magna,non interdum,Jamia,3533461555472467,bb5962ec-37e3-4e87-93ae-e748aad36f0d,564625708-5,Hīrna,"Cras mi pede, malesuada in, imperdiet et, commodo vulputate, justo. In blandit ultrices enim. Lorem ipsum dolor sit amet, consectetuer adipiscing elit.",2015-09-07,,,Undeployable,,
augue luctus tincidunt,nibh in,nulla justo aliquam quis,Skyble,3543865682244185,61ea2737-22f0-40c9-b1d0-8c8bcb49024c,510924762-5,Bradag,Aliquam quis turpis eget elit sodales scelerisque. Mauris sit amet eros. Suspendisse accumsan tortor quis turpis.,2015-06-04,232.69,,Lost,,
magna ac,leo,eu orci mauris,Gigashots,3534002218741291,723cb029-3cc3-4fa1-ae81-46897e1b0cd5,992799439-7,Charneca da Cotovia,,2015-06-02,185.11,,Undeployable,17,Yoveo
est quam pharetra magna,vestibulum sagittis,vehicula condimentum curabitur in libero,Browseblab,3533638286064040,fa051420-1c81-4f0d-a5d4-0d966801ac92,943747227-0,Yunzhong,"Donec diam neque, vestibulum eget, vulputate ut, ultrices vel, augue. Vestibulum ante ipsum primis in faucibus orci luctus et ultrices posuere cubilia Curae; Donec pharetra, magna vestibulum aliquet ultrices, erat tortor sollicitudin mi, sit amet lobortis sapien sapien non mi. Integer ac neque.",2016-03-03,,,Pending Diagnostics,,
id pretium,fringilla,porttitor id consequat in consequat,Devshare,6.75976956722772E+016,b04f9655-5453-4003-b4ff-a2c04fb7cc14,187554544-1,Sukasenang,"Vestibulum ac est lacinia nisi venenatis tristique. Fusce congue, diam id ornare imperdiet, sapien urna pretium nisl, ut volutpat sapien arcu sed augue. Aliquam erat volutpat.",2016-05-15,,,Undeployable,,
sed tristique in,sit amet cursus,id massa id nisl venenatis,Tagtune,3547271219604254,,492976895-0,Pakuranga,Integer tincidunt ante vel ipsum. Praesent blandit lacinia erat. Vestibulum sed magna at nunc commodo placerat.,2015-07-14,44.95,,Archived,14,Meembee
enim blandit mi,ipsum praesent,lectus pellentesque at,Roomm,337941483315940,5039582c-b5cf-4b9e-8f07-6341560cae04,007320130-8,Vanves,"In sagittis dui vel nisl. Duis ac nibh. Fusce lacus purus, aliquet at, feugiat non, pretium quis, lectus.",2016-01-23,610.68,,Archived,,
pede ac diam cras,nec nisi,tincidunt lacus at velit vivamus,Dynava,3573979602020378,22bac401-b902-4fa6-987c-27238e4982f1,169662058-9,Xianglong,,2015-07-02,742.54,,Lost,,
rhoncus aliquet pulvinar,suscipit a feugiat,sed tristique in tempus,Centizu,3554059573408622,a53ca64f-9589-4c14-9f1f-9fbd7c130bf1,134899168-2,Kopang Satu,,2015-08-24,,,Undeployable,,
adipiscing lorem vitae,at diam nam,vivamus metus arcu adipiscing,Wikivu,3530205336633621,74d45443-31f9-4149-bdbd-b81a49a8fc26,841640422-4,Valkeakoski,Etiam vel augue. Vestibulum rutrum rutrum neque. Aenean auctor gravida sem.,2016-05-08,617.19,,Archived,16,InnoZ
erat vestibulum,ullamcorper augue,adipiscing molestie hendrerit at vulputate,Blogspan,3537869019746662,b05201f2-5fca-4c51-804c-c5690272809b,981888153-2,Kazinka,,2016-04-04,814.56,,Undeployable,27,Ooba
fringilla rhoncus mauris,pretium,orci mauris lacinia,Brightbean,374283783131519,f3317f7a-8b58-4e6e-9c98-bb0990b48de2,364170641-6,Abashiri,"Quisque porta volutpat erat. Quisque erat eros, viverra eget, congue eget, semper rutrum, nulla. Nunc purus.",2016-01-23,977.48,,,,
in imperdiet,lectus,in congue etiam,Topdrive,5.60225892846392E+018,6264ae5b-7977-4a7c-80e0-6fb69ee37bb6,356456589-2,Songdong,"Donec diam neque, vestibulum eget, vulputate ut, ultrices vel, augue. Vestibulum ante ipsum primis in faucibus orci luctus et ultrices posuere cubilia Curae; Donec pharetra, magna vestibulum aliquet ultrices, erat tortor sollicitudin mi, sit amet lobortis sapien sapien non mi. Integer ac neque.",2016-04-07,782.48,,,19,Eayo
nisl ut volutpat sapien,amet consectetuer,nec sem duis aliquam,InnoZ,3581759486996442,bbf6c2d3-f538-411d-b3ca-07f87eb514c9,215895129-X,Lincheng,"Duis bibendum, felis sed interdum venenatis, turpis enim blandit mi, in porttitor pede justo eu massa. Donec dapibus. Duis at velit eu est congue elementum.",2015-08-18,,,Archived,14,Voolia
neque libero convallis,volutpat quam,sagittis nam,Agivu,5.60223009236108E+018,85cebfbc-d8ef-4f12-a56c-52d920daff55,533951910-4,Shangtianba,In hac habitasse platea dictumst. Etiam faucibus cursus urna. Ut tellus.,2016-02-22,814.64,,Archived,,
sapien placerat ante,justo sit,lectus pellentesque,Fivechat,6.76708599977152E+018,a61d9de9-aee4-41e5-b923-c9f0b6af353f,516270880-1,Bangolo,,2015-06-15,748.03,,Archived,,
feugiat et eros vestibulum,id ligula,dapibus dolor vel,Vitz,3528040134299653,6f58dc1c-1eec-4a6a-89ce-54c0ca6d7ace,906786221-5,Stepove,Pellentesque at nulla. Suspendisse potenti. Cras in purus eu magna vulputate luctus.,2016-02-05,245.24,,Ready to Deploy,,
amet nulla quisque,eget massa tempor,in hac habitasse platea dictumst,Topiczoom,3557006552255133,242df59e-540c-4ae4-9574-b2a1cf0c328f,946770951-1,Bara Datu,,2015-10-14,101.41,,Archived,,
congue diam id,hac habitasse,quis turpis sed,Linktype,3531953377823515,806c60b9-0518-48b4-88e7-e0f7d37db7f4,714515414-5,Richmond,"Donec diam neque, vestibulum eget, vulputate ut, ultrices vel, augue. Vestibulum ante ipsum primis in faucibus orci luctus et ultrices posuere cubilia Curae; Donec pharetra, magna vestibulum aliquet ultrices, erat tortor sollicitudin mi, sit amet lobortis sapien sapien non mi. Integer ac neque.",2015-07-14,48.61,,Pending Diagnostics,28,Buzzster
elementum ligula,varius nulla facilisi,ante ipsum primis in faucibus,Twitterwire,3553000703370598,004beb8c-6350-4a5a-bc0a-63ae792afe54,109876345-9,Union,"Morbi non lectus. Aliquam sit amet diam in magna bibendum imperdiet. Nullam orci pede, venenatis non, sodales sed, tincidunt eu, felis.",2016-03-18,,,Archived,,
aenean fermentum,eget nunc donec,faucibus orci luctus,Ailane,6.77139784464648E+016,5f17fc64-ef57-4884-a55f-eb573d697df3,441234671-4,Nurota Shahri,"Vestibulum ac est lacinia nisi venenatis tristique. Fusce congue, diam id ornare imperdiet, sapien urna pretium nisl, ut volutpat sapien arcu sed augue. Aliquam erat volutpat.",2015-07-13,179.08,,Archived,22,Yodoo
nulla nisl nunc nisl,nascetur,justo eu,Edgetag,3552389058992572,fc437480-f186-49fa-87d3-bbea40c6f142,446611490-0,Reguengos de Monsaraz,Duis bibendum. Morbi non quam nec dui luctus rutrum. Nulla tellus.,2016-05-18,960.59,,Pending Diagnostics,,
consectetuer adipiscing elit proin,in felis,purus sit amet nulla quisque,Gabtune,5002359749827009,9c0affc9-3c66-4516-aea7-b1d847590c64,242378972-6,Bang Lamung,,2015-06-10,,,Lost,,
consectetuer adipiscing elit,eros,ligula vehicula consequat morbi,Oodoo,4405292980607713,b321fffc-88c6-4223-a4c7-e7b513ca12ea,869734139-6,Hongjiang,"Curabitur gravida nisi at nibh. In hac habitasse platea dictumst. Aliquam augue quam, sollicitudin vitae, consectetuer eget, rutrum at, lorem.",2015-10-12,136.67,,,,
sapien urna,congue etiam,nulla facilisi cras,Katz,5100177038440966,54ca7672-f4a9-46d1-8842-a4f5b3ef8a61,172650221-X,Hechun,"Curabitur at ipsum ac tellus semper interdum. Mauris ullamcorper purus sit amet nulla. Quisque arcu libero, rutrum ac, lobortis vel, dapibus at, diam.",2015-08-04,29.63,,Archived,14,Thoughtworks
fusce consequat nulla nisl,amet consectetuer adipiscing,rutrum neque aenean auctor gravida,Eamia,5.60222512906447E+016,59f8f748-c09d-4511-a5b2-85fd469ded76,288508590-8,Azun Atme,Suspendisse potenti. In eleifend quam a odio. In hac habitasse platea dictumst.,2015-11-19,872.99,,Pending Diagnostics,,
sed sagittis nam congue,vehicula,vel dapibus at diam nam,Jabbercube,6.75901114016155E+018,d48acb86-3a62-42cc-a88f-75a3a458a2b3,602874973-7,Tonghu,"Curabitur in libero ut massa volutpat convallis. Morbi odio odio, elementum eu, interdum eu, tincidunt in, leo. Maecenas pulvinar lobortis est.",2015-12-22,517.54,,Ready to Deploy,27,Livetube
ante ipsum,in quis justo,quam fringilla rhoncus,Topiczoom,6.70972201649997E+018,57e10cfb-8811-4b3b-ac41-5af69cab6d31,851596451-1,Aoluguya Ewenke Minzu,In congue. Etiam justo. Etiam pretium iaculis justo.,2015-08-02,992.72,,,17,Skiptube
pulvinar nulla pede,potenti in eleifend,convallis nulla neque libero convallis,Linktype,30452034512787,bca3bec1-cd84-4e44-adf9-2d266bfe0507,943283235-X,Cachoeiro de Itapemirim,,2015-08-30,633.31,,Lost,31,Dabjam
dolor quis odio consequat,diam erat fermentum,proin leo odio porttitor,Edgewire,3563543318424332,1685ce6c-7936-4563-925f-7f3b3b9c0a3d,040550980-4,Nusajaya,"Proin leo odio, porttitor id, consequat in, consequat ut, nulla. Sed accumsan felis. Ut at dolor quis odio consequat varius.",2016-02-04,,,,,
congue etiam justo,justo sit,id massa id,Innojam,4913067546227080,291a2ce5-c22e-4782-b4aa-ef147fccef40,103809062-8,Chornyanka,Etiam vel augue. Vestibulum rutrum rutrum neque. Aenean auctor gravida sem.,2015-06-10,289.46,Konklux,Undeployable,,
tincidunt nulla mollis,platea dictumst,ut massa quis,Kwimbee,6.33300098040684E+018,abe4c9e3-aeb2-407b-8545-3c2e5c29b942,698953325-0,Bula,"Curabitur in libero ut massa volutpat convallis. Morbi odio odio, elementum eu, interdum eu, tincidunt in, leo. Maecenas pulvinar lobortis est.",2015-12-25,,,Undeployable,,
vel augue,iaculis justo in,primis in faucibus orci luctus,Camimbo,374288913295969,8873831c-2370-4fcc-bc23-a66a2a379151,147321108-5,Novoarkhanhel’s’k,Duis consequat dui nec nisi volutpat eleifend. Donec ut dolor. Morbi vel lectus in quam fringilla rhoncus.,2015-08-09,,,Pending Diagnostics,27,Tazz
justo sit amet,convallis,nunc viverra dapibus,Meevee,3551827310027811,d6ff99f7-3f70-4cd1-8835-12fb324783bb,404043143-X,Santiaoshi,,2015-05-31,613.59,,,24,Flipstorm
consequat varius integer ac,amet,pellentesque at nulla suspendisse,Realcube,3548349620700470,52e75c85-f2dc-4346-8615-c4bef2675fb5,759833466-8,Verin Artashat,"Praesent blandit. Nam nulla. Integer pede justo, lacinia eget, tincidunt eget, tempus vel, pede.",2015-12-08,854.21,,Pending Diagnostics,12,Skiptube
pede lobortis ligula,fusce,pede ac,Kwideo,3544675304363423,a385ede0-c8e6-45cc-b125-be149bbc0271,697050795-5,Porsgrunn,Praesent id massa id nisl venenatis lacinia. Aenean sit amet justo. Morbi ut odio.,2015-07-04,412.28,,Ready to Deploy,,
aliquam erat volutpat in,nibh,vel sem,Jabbertype,3577197934305492,0b44ec74-81de-4421-baec-1fd1f497bedd,492892856-3,Sionogan,,2015-11-23,462.04,,Ready to Deploy,34,Thoughtworks
vestibulum ante ipsum primis,lectus vestibulum,ut dolor morbi vel lectus,Mycat,3528635375178696,86b60c4e-9a98-47b4-92db-466162306529,234535580-8,Tokonou,Cras non velit nec nisi vulputate nonummy. Maecenas tincidunt lacus at velit. Vivamus vel nulla eget eros elementum pellentesque.,2016-02-03,,,Undeployable,13,Skynoodle
nulla neque,molestie lorem,mi in porttitor,Bluejam,6.33110336414412E+018,45e9100c-17a9-4806-a7ee-b731162718f4,321912329-5,Bayasgalant,"Cum sociis natoque penatibus et magnis dis parturient montes, nascetur ridiculus mus. Vivamus vestibulum sagittis sapien. Cum sociis natoque penatibus et magnis dis parturient montes, nascetur ridiculus mus.",2015-06-26,302.69,,Lost,,
lectus pellentesque,lorem ipsum dolor,leo odio porttitor,Plambee,3537576873519636,44a1e395-adfa-4097-a356-2caf29f31458,679447867-6,Wādī as Sīr,"Donec diam neque, vestibulum eget, vulputate ut, ultrices vel, augue. Vestibulum ante ipsum primis in faucibus orci luctus et ultrices posuere cubilia Curae; Donec pharetra, magna vestibulum aliquet ultrices, erat tortor sollicitudin mi, sit amet lobortis sapien sapien non mi. Integer ac neque.",2015-08-05,590.47,,Undeployable,36,Jayo
dui maecenas,pulvinar sed,pede ullamcorper augue,Lazz,5100144951053200,,524105876-1,Nabīnagar,Nullam sit amet turpis elementum ligula vehicula consequat. Morbi a ipsum. Integer a nibh.,2016-02-04,,,,,
